artist_id,has_discography,first_release,latest_release,career_time,time_since_latest_release,studio_albums,non_remix_singles
Baleia_2015-03-28,True,2013.0,2013-01-01,2.0,2.0,1.0,1.0
Banda do Mar_2015-03-28,True,2014.0,2014-09-02,1.0,0.0,1.0,0.0
Alt-J_2015-03-28,True,2012.0,2014-09-22,3.0,0.0,2.0,10.0
Robert Plant and The Sensational Space Shifters_2015-03-28,True,1982.0,2014-09-05,33.0,0.0,13.0,5.0
Jack White_2015-03-28,True,2009.0,2014-06-10,6.0,0.0,2.0,10.0
Bula_2015-03-28,True,2014.0,,1.0,,0.0,0.0
Fitz and The Tantrums_2015-03-28,True,2010.0,2013-05-07,5.0,1.0,3.0,6.0
Kasabian_2015-03-28,True,2004.0,2014-10-07,11.0,0.0,6.0,23.0
Skrillex_2015-03-28,True,2010.0,2015-02-24,5.0,0.0,2.0,12.0
Zimbra_2015-03-28,True,2013.0,2013-06-17,2.0,1.0,1.0,2.0
Boogarins_2015-03-28,True,2013.0,2013-10-01,2.0,1.0,1.0,0.0
Nem Liminha Ouviu_2015-03-28,True,2014.0,2014-05-13,1.0,0.0,1.0,0.0
St. Vincent_2015-03-28,True,2007.0,2014-02-25,8.0,1.0,5.0,7.0
Marcelo D2_2015-03-28,True,2006.0,2013-01-01,9.0,2.0,4.0,5.0
Kongos_2015-03-28,True,2014.0,2014-09-22,1.0,0.0,2.0,1.0
Bastille_2015-03-28,True,2012.0,2014-12-01,3.0,0.0,3.0,8.0
DJ Anna_2015-03-28,True,2011.0,2014-09-16,4.0,0.0,0.0,9.0
Vintage Culture_2015-03-28,True,2013.0,2015-02-23,2.0,0.0,0.0,15.0
E-cologyk vs Jakko_2015-03-28,True,2014.0,2015-03-09,1.0,0.0,0.0,5.0
DJ Snake_2015-03-28,True,2011.0,2014-10-14,4.0,0.0,0.0,6.0
Dillon Francis_2015-03-28,True,2011.0,2014-04-04,4.0,0.0,1.0,14.0
Ritmo Machine_2015-03-28,True,2011.0,2011-01-01,4.0,4.0,1.0,0.0
Major Lazer_2015-03-28,True,2009.0,2013-04-15,6.0,1.0,2.0,16.0
Scalene_2015-03-29,True,2013.0,2015-03-12,2.0,0.0,0.0,3.0
Molotov_2015-03-29,True,1997.0,2014-06-10,18.0,0.0,8.0,3.0
Interpol_2015-03-29,True,2002.0,2014-09-09,13.0,0.0,5.0,14.0
Foster The People_2015-03-29,True,2011.0,2014-03-19,4.0,1.0,2.0,5.0
Pharrell Williams_2015-03-29,True,2006.0,2014-03-03,9.0,1.0,3.0,5.0
Far From Alaska_2015-03-29,True,2014.0,2014-05-13,1.0,0.0,1.0,2.0
Rudimental_2015-03-29,True,2011.0,2013-04-26,4.0,1.0,1.0,11.0
The Kooks_2015-03-29,True,2006.0,2014-09-02,9.0,0.0,6.0,10.0
Calvin Harris_2015-03-29,True,2007.0,2014-11-20,8.0,0.0,4.0,27.0
Doctor Pheabes_2015-03-29,True,2013.0,2013-05-05,2.0,1.0,1.0,0.0
Mombojó_2015-03-29,True,2006.0,2014-06-02,9.0,0.0,5.0,0.0
O Terno_2015-03-29,True,2013.0,2014-08-18,2.0,0.0,2.0,1.0
Three Days Grace_2015-03-29,True,2003.0,2012-10-02,12.0,2.0,4.0,10.0
Pitty_2015-03-29,True,2007.0,2014-06-03,8.0,0.0,4.0,10.0
Young The Giant_2015-03-29,True,2011.0,2014-01-17,4.0,1.0,2.0,4.0
The Smashing Pumpkins_2015-03-29,True,1991.0,2015-01-12,24.0,0.0,5.0,4.0
Chemical Surf_2015-03-29,True,2013.0,2013-12-09,2.0,1.0,1.0,13.0
Fatnotronic_2015-03-29,False,,,,,0.0,0.0
Victor Ruiz vs Any Mello_2015-03-29,True,2009.0,2009-01-01,6.0,6.0,1.0,25.0
Big Gigantic_2015-03-29,True,2009.0,2014-02-11,6.0,1.0,4.0,4.0
Carnage_2015-03-29,True,2012.0,2015-03-17,3.0,0.0,0.0,11.0
The Chainsmokers_2015-03-29,True,2012.0,2015-03-03,3.0,0.0,0.0,5.0
Childish Gambino_2015-03-29,True,2011.0,2014-10-03,4.0,0.0,3.0,5.0
Steve Aoki_2015-03-29,True,2008.0,2012-02-06,7.0,3.0,5.0,51.0
Vespas Mandarinas_2014-04-05,True,2013.0,2013-04-09,1.0,0.0,1.0,1.0
Capital Cities_2014-04-05,True,2013.0,2013-01-01,1.0,1.0,1.0,3.0
Julian Casablancas_2014-04-05,True,2009.0,2009-11-03,5.0,4.0,1.0,5.0
Phoenix_2014-04-05,True,2000.0,2013-04-23,14.0,0.0,5.0,14.0
Muse_2014-04-05,True,1999.0,2012-09-24,15.0,1.0,7.0,24.0
Silva_2014-04-05,True,2012.0,2014-03-17,2.0,0.0,2.0,3.0
Cage The Elephant_2014-04-05,True,2008.0,2013-10-08,6.0,0.0,4.0,5.0
Imagine Dragons_2014-04-05,True,2012.0,2013-01-01,2.0,1.0,1.0,5.0
Nine Inch Nails_2014-04-05,True,1989.0,2014-02-24,25.0,0.0,19.0,9.0
Red Oblivion_2014-04-05,False,,,,,0.0,0.0
Lucas Santana_2014-04-05,False,,,,,0.0,0.0
Café Tacvba_2014-04-05,True,1992.0,2012-01-01,22.0,2.0,12.0,3.0
Portugal the Man_2014-04-05,True,2006.0,2013-05-31,8.0,0.0,8.0,8.0
Lorde_2014-04-05,True,2013.0,2013-01-01,1.0,1.0,2.0,5.0
Nação Zumbi_2014-04-05,True,2000.0,2013-08-27,14.0,0.0,6.0,1.0
Disclosure_2014-04-05,True,2013.0,2014-01-01,1.0,0.0,0.0,6.0
Elekfantz_2014-04-05,True,2013.0,2013-10-28,1.0,0.0,0.0,1.0
Digitaria_2014-04-05,True,2012.0,2011-04-04,2.0,3.0,1.0,2.0
Perry & Etty Farrell vs Joachim Garraud_2014-04-05,True,2007.0,2012-09-09,7.0,1.0,8.0,13.0
Flume_2014-04-05,True,2012.0,2012-11-12,2.0,1.0,1.0,4.0
Flux Pavilion_2014-04-05,True,2009.0,2013-01-25,5.0,1.0,1.0,13.0
Wolfgang Gartner_2014-04-05,True,2007.0,2012-11-14,7.0,1.0,3.0,33.0
Kid Cudi_2014-04-05,True,2009.0,2014-01-01,5.0,0.0,5.0,5.0
Francisca Valenzuela_2014-04-06,True,2008.0,2012-03-05,6.0,2.0,2.0,0.0
Raimundos_2014-04-06,True,1995.0,2013-08-13,19.0,0.0,11.0,2.0
Ellie Goulding_2014-04-06,True,2009.0,2014-01-01,5.0,0.0,3.0,10.0
Pixies_2014-04-06,True,1987.0,1991-09-23,27.0,22.0,6.0,9.0
Arcade Fire_2014-04-06,True,2004.0,2013-01-01,10.0,1.0,4.0,2.0
Illya Kuryaki & Valderramas_2014-04-06,True,1991.0,2013-07-16,23.0,0.0,9.0,2.0
Johnny Marr_2014-04-06,True,2013.0,2013-02-26,1.0,1.0,1.0,3.0
Vampire Weekend_2014-04-06,True,2007.0,2013-05-27,7.0,0.0,3.0,13.0
Soundgarden_2014-04-06,True,1989.0,2012-11-13,25.0,1.0,7.0,1.0
Apanhador Só_2014-04-06,True,2010.0,2013-05-21,4.0,0.0,3.0,1.0
Brothers of Brazil_2014-04-06,True,2011.0,2012-09-14,3.0,1.0,3.0,0.0
Selvagens à Procura de Lei_2014-04-06,True,2011.0,2013-06-04,3.0,0.0,2.0,2.0
Savages_2014-04-06,True,2012.0,2013-05-03,2.0,0.0,1.0,3.0
AFI_2014-04-06,True,1995.0,2013-01-01,19.0,1.0,11.0,6.0
Jake Bugg_2014-04-06,True,2013.0,2013-01-01,1.0,1.0,1.0,5.0
New Order_2014-04-06,True,1981.0,2013-01-11,33.0,1.0,11.0,11.0
Ftampa_2014-04-06,True,2011.0,2014-03-03,3.0,0.0,0.0,15.0
Gabe_2014-04-06,True,2008.0,2011-09-30,6.0,2.0,0.0,5.0
Cone Crew_2014-04-06,True,2011.0,2012-01-01,3.0,2.0,3.0,4.0
Baauer_2014-04-06,True,2012.0,2013-02-12,2.0,1.0,0.0,3.0
Krewella_2014-04-06,True,2012.0,2013-09-20,2.0,0.0,1.0,7.0
The Bloody Beetroots_2014-04-06,True,2008.0,2013-09-17,6.0,0.0,2.0,20.0
Axwell_2014-04-06,False,,,,,0.0,0.0
The Baggios_2016-03-12,True,2011.0,2013-09-09,5.0,2.0,2.0,0.0
Matanza_2016-03-12,True,2012.0,2012-04-20,4.0,3.0,1.0,3.0
Bad Religion_2016-03-12,True,1982.0,2013-10-29,34.0,2.0,15.0,7.0
Tame Impala_2016-03-12,True,2010.0,2015-07-17,6.0,0.0,3.0,2.0
Eminem_2016-03-12,True,1999.0,2013-11-05,17.0,2.0,9.0,16.0
Dônica_2016-03-12,True,2014.0,2015-06-16,2.0,0.0,1.0,3.0
Eagles of Death Metal_2016-03-12,True,2004.0,2015-10-02,12.0,0.0,4.0,1.0
Of Monsters and Men_2016-03-12,True,2012.0,2015-06-08,4.0,0.0,2.0,6.0
Mumford and Sons_2016-03-12,True,2010.0,2015-05-04,6.0,0.0,3.0,14.0
Ego Kill Talent_2016-03-12,True,2015.0,2015-11-13,1.0,0.0,0.0,1.0
Supercombo_2016-03-12,True,2014.0,2014-01-29,2.0,2.0,3.0,10.0
Vintage Trouble_2016-03-12,True,2011.0,2015-08-14,5.0,0.0,2.0,2.0
The Joy Formidable_2016-03-12,True,2010.0,2013-01-22,6.0,3.0,3.0,13.0
Cold War Kids_2016-03-12,True,2007.0,2015-03-09,9.0,1.0,5.0,15.0
Halsey_2016-03-12,True,2014.0,2015-08-28,2.0,0.0,1.0,4.0
Die Antwoord_2016-03-12,True,2010.0,2014-06-03,6.0,1.0,4.0,3.0
Marina and the Diamonds_2016-03-12,True,2009.0,2015-03-16,7.0,0.0,4.0,17.0
Zerb_2016-03-12,False,,,,,0.0,0.0
Groove Delight_2016-03-12,True,2010.0,2015-11-03,6.0,0.0,0.0,20.0
Matthew Koma_2016-03-12,True,2012.0,2016-03-11,4.0,0.0,0.0,6.0
A-Trak_2016-03-12,True,2009.0,2014-04-15,7.0,1.0,2.0,28.0
RL Grime_2016-03-12,True,2013.0,2014-11-17,3.0,1.0,1.0,6.0
Flosstradamus_2016-03-12,True,2011.0,2016-01-29,5.0,0.0,1.0,11.0
Alok_2016-03-12,True,2012.0,2016-03-07,4.0,0.0,0.0,16.0
Kaskade_2016-03-12,True,2001.0,2015-09-25,15.0,0.0,16.0,59.0
Dingo Bells_2016-03-13,True,2015.0,2015-04-14,1.0,0.0,1.0,3.0
Marrero_2016-03-13,True,2015.0,2015-08-21,1.0,0.0,1.0,1.0
Twenty One Pilots_2016-03-13,True,2012.0,2015-05-15,4.0,0.0,3.0,11.0
Noel Gallagher's High Flying Birds_2016-03-13,True,2011.0,2015-03-03,5.0,1.0,2.0,11.0
Florence + the Machine_2016-03-13,True,2009.0,2015-06-01,7.0,0.0,6.0,14.0
Maglore_2016-03-13,True,2014.0,2015-06-23,2.0,0.0,3.0,2.0
Walk the Moon_2016-03-13,True,2012.0,2014-12-02,4.0,1.0,2.0,3.0
Alabama Shakes_2016-03-13,True,2012.0,2015-04-21,4.0,0.0,2.0,6.0
Jack Ü_2016-03-13,True,2014.0,2015-02-24,2.0,1.0,1.0,1.0
Versalle_2016-03-13,True,2015.0,2015-12-04,1.0,0.0,2.0,7.0
Seed_2016-03-13,True,2000.0,2014-05-19,16.0,1.0,3.0,19.0
Albert Hammond Jr._2016-03-13,True,2007.0,2015-07-31,9.0,0.0,4.0,6.0
Odesza_2016-03-13,True,2013.0,2015-06-15,3.0,0.0,3.0,3.0
Jungle_2016-03-13,True,2012.0,2014-07-15,4.0,1.0,1.0,3.0
Planet Hemp_2016-03-13,True,1995.0,2000-03-22,21.0,15.0,4.0,0.0
Funky Fat_2016-03-13,True,2013.0,2015-07-13,3.0,0.0,0.0,8.0
Karol Conka_2016-03-13,True,2011.0,2014-02-17,5.0,2.0,3.0,4.0
Jack Novak_2016-03-13,True,2014.0,2015-11-06,2.0,0.0,0.0,4.0
Gramatik_2016-03-13,True,2008.0,2015-05-15,8.0,0.0,10.0,5.0
Duke Dumont_2016-03-13,True,2007.0,2015-11-20,9.0,0.0,0.0,15.0
Zeds Dead_2016-03-13,True,2007.0,2014-07-01,9.0,1.0,1.0,19.0
Emicida_2016-03-13,True,2009.0,2015-09-11,7.0,0.0,6.0,9.0
Zedd_2016-03-13,True,2011.0,2015-05-19,5.0,0.0,2.0,13.0
Doctor Pheabes_2017-03-25,True,2016.0,2017-03-10,1.0,0.0,2.0,1.0
Suricato_2017-03-25,True,2013.0,2014-10-20,4.0,2.0,3.0,3.0
Cage the Elephant_2017-03-25,True,2008.0,2015-12-18,9.0,1.0,5.0,5.0
Rancid_2017-03-25,True,1993.0,2003-08-19,24.0,13.0,7.0,0.0
Metallica_2017-03-25,True,1983.0,2016-11-18,34.0,0.0,16.0,7.0
The Outs_2017-03-25,True,2013.0,2016-07-08,4.0,0.0,1.0,5.0
Glass Animals_2017-03-25,True,2014.0,2016-08-26,3.0,0.0,2.0,7.0
The 1975_2017-03-25,True,2012.0,2016-03-11,5.0,1.0,3.0,14.0
The xx_2017-03-25,True,2009.0,2017-01-13,8.0,0.0,3.0,9.0
Jaloo_2017-03-25,True,2015.0,2015-10-23,2.0,1.0,1.0,1.0
BaianaSystem_2017-03-25,True,2013.0,2016-06-01,4.0,0.0,2.0,6.0
Bob Moses_2017-03-25,True,2015.0,2015-09-18,2.0,1.0,2.0,3.0
Tegan and Sara_2017-03-25,True,1999.0,2016-06-03,18.0,0.0,9.0,20.0
Criolo_2017-03-25,True,2013.0,2016-05-06,4.0,0.0,4.0,5.0
Tove Lo_2017-03-25,True,2014.0,2016-10-28,3.0,0.0,3.0,2.0
The Chainsmokers_2017-03-25,True,2012.0,2017-02-22,5.0,0.0,0.0,20.0
Ricci_2017-03-25,True,2015.0,2017-02-13,2.0,0.0,0.0,13.0
Haikaiss_2017-03-25,True,2010.0,2017-03-24,7.0,0.0,5.0,14.0
Victor Ruiz_2017-03-25,True,2009.0,2009-01-01,8.0,8.0,1.0,33.0
Don Diablo_2017-03-25,True,2002.0,2017-02-06,15.0,0.0,5.0,68.0
Tchami_2017-03-25,True,2014.0,2017-03-03,3.0,0.0,0.0,10.0
Vintage Culture_2017-03-25,True,2013.0,2017-02-10,4.0,0.0,0.0,22.0
Marshmello_2017-03-25,True,2016.0,2016-01-08,1.0,1.0,1.0,7.0
G-Eazy_2017-03-25,True,2012.0,2015-12-04,5.0,1.0,3.0,16.0
Céu_2017-03-26,True,2007.0,2016-03-25,10.0,1.0,4.0,4.0
Jimmy Eat World_2017-03-26,True,1996.0,2016-10-21,21.0,0.0,6.0,14.0
Two Door Cinema Club_2017-03-26,True,2009.0,2016-10-14,8.0,0.0,3.0,15.0
The Strokes_2017-03-26,True,2001.0,2013-03-22,16.0,4.0,5.0,14.0
Bratislava_2017-03-26,True,2012.0,2015-09-29,5.0,1.0,2.0,3.0
Catfish and the Bottlemen_2017-03-26,True,2014.0,2016-05-27,3.0,0.0,2.0,3.0
Duran Duran_2017-03-26,True,1981.0,2015-09-11,36.0,1.0,13.0,17.0
The Weeknd_2017-03-26,True,2013.0,2016-11-25,4.0,0.0,4.0,4.0
Kilotones_2017-03-26,True,2016.0,2016-09-12,1.0,0.0,0.0,1.0
Daniel Groove_2017-03-26,True,2013.0,2016-10-28,4.0,0.0,2.0,0.0
Vance Joy_2017-03-26,True,2013.0,2014-09-09,4.0,2.0,1.0,12.0
Silversun Pickups_2017-03-26,True,2007.0,2016-01-29,10.0,1.0,5.0,10.0
Mø_2017-03-26,True,2013.0,2017-03-24,4.0,0.0,0.0,14.0
Melanie Martinez_2017-03-26,True,2015.0,2015-08-14,2.0,1.0,1.0,6.0
Flume_2017-03-26,True,2012.0,2016-05-27,5.0,0.0,2.0,11.0
Gabriel Boni_2017-03-26,True,2009.0,2017-02-24,8.0,0.0,0.0,8.0
Illusionize_2017-03-26,True,2014.0,2015-11-16,3.0,1.0,1.0,8.0
Chemical Surf_2017-03-26,True,2013.0,2013-12-09,4.0,3.0,1.0,19.0
Borgore_2017-03-26,True,2009.0,2015-01-13,8.0,2.0,2.0,33.0
Griz_2017-03-26,True,2012.0,2016-09-23,5.0,0.0,5.0,6.0
Oliver Heldens_2017-03-26,True,2013.0,2017-03-17,4.0,0.0,0.0,33.0
Nervo_2017-03-26,True,2010.0,2015-07-24,7.0,1.0,2.0,37.0
Martin Garrix_2017-03-26,True,2012.0,2017-03-24,5.0,0.0,0.0,42.0
Perrosky_2013-03-29,False,,,,,0.0,0.0
Agridoce_2013-03-29,True,2011.0,2011-11-03,2.0,1.0,1.0,2.0
The Temper Trap_2013-03-29,True,2009.0,2012-12-06,4.0,0.0,2.0,7.0
The Flaming Lips_2013-03-29,True,1986.0,2012-06-25,27.0,0.0,18.0,18.0
The Killers_2013-03-29,True,2004.0,2012-09-17,9.0,0.0,5.0,8.0
Bruno Barudi_2013-03-29,True,2008.0,2013-01-18,5.0,0.0,0.0,9.0
Boss in Drama_2013-03-29,True,2011.0,2011-09-13,2.0,1.0,1.0,3.0
Dirtyloud_2013-03-29,True,2010.0,2012-05-28,3.0,0.0,0.0,4.0
Feed Me_2013-03-29,True,2011.0,2012-02-06,2.0,1.0,2.0,5.0
Porter Robinson_2013-03-29,True,2010.0,2012-10-15,3.0,0.0,0.0,5.0
Red Bull Technostalgia feat DJ Marky feat BiD_2013-03-29,True,1999.0,2011-02-01,14.0,2.0,5.0,19.0
Knife Party_2013-03-29,True,2011.0,2012-08-01,2.0,0.0,0.0,3.0
Holger_2013-03-29,True,2010.0,2012-11-13,3.0,0.0,2.0,1.0
Of Monsters and Men_2013-03-29,True,2012.0,2012-01-01,1.0,1.0,1.0,2.0
Cake_2013-03-29,True,1996.0,2011-04-22,17.0,1.0,7.0,3.0
Deadmau5_2013-03-29,True,2006.0,2012-11-26,7.0,0.0,11.0,63.0
Tokyo Savannah_2013-03-29,True,2011.0,2011-07-05,2.0,1.0,1.0,0.0
Copacabana Club_2013-03-29,True,2012.0,2012-03-19,1.0,1.0,1.0,3.0
Crystal Castles_2013-03-29,True,2008.0,2012-11-08,5.0,0.0,5.0,5.0
Passion Pit_2013-03-29,True,2008.0,2012-08-08,5.0,0.0,3.0,5.0
Stop Play Moon_2013-03-30,True,2013.0,2013-03-01,0.0,0.0,1.0,0.0
Toro y Moi_2013-03-30,True,2009.0,2013-01-22,4.0,0.0,4.0,8.0
Two Door Cinema Club_2013-03-30,True,2009.0,2012-09-03,4.0,0.0,2.0,7.0
Queens of the Stone Age_2013-03-30,True,1998.0,2007-01-01,15.0,6.0,5.0,6.0
The Black Keys_2013-03-30,True,2002.0,2011-12-06,11.0,1.0,8.0,14.0
Classic_2013-03-30,False,,,,,0.0,0.0
William Naraine_2013-03-30,True,2011.0,2013-03-20,2.0,0.0,2.0,4.0
Lennox_2013-03-30,False,,,,,0.0,0.0
Zeds Dead_2013-03-30,True,2007.0,2013-02-19,6.0,0.0,0.0,9.0
Nas_2013-03-30,True,1994.0,2012-07-17,19.0,0.0,16.0,9.0
Madeon_2013-03-30,True,2012.0,2012-10-08,1.0,0.0,0.0,3.0
Steve Aoki_2013-03-30,True,2008.0,2012-02-06,5.0,1.0,5.0,33.0
Graforréia Xilarmônica_2013-03-30,False,,,,,0.0,0.0
Tomahawk_2013-03-30,True,2001.0,2013-01-22,12.0,0.0,4.0,1.0
Franz Ferdinand_2013-03-30,True,2004.0,2013-01-01,9.0,0.0,7.0,17.0
A Perfect Circle_2013-03-30,True,2004.0,2004-01-01,9.0,9.0,4.0,2.0
Ludov_2013-03-30,True,2005.0,2009-10-23,8.0,3.0,3.0,3.0
"Gary Clark, Jr._2013-03-30",True,2011.0,2012-10-22,2.0,0.0,1.0,2.0
Alabama Shakes_2013-03-30,True,2012.0,2012-04-10,1.0,0.0,1.0,3.0
Criolo_2013-03-30,True,2011.0,2011-04-25,2.0,1.0,1.0,0.0
Baia_2013-03-31,True,2001.0,2010-08-02,12.0,2.0,5.0,0.0
Lirinha feat Eddie_2013-03-31,True,1998.0,2011-11-08,15.0,1.0,5.0,0.0
Puscifer_2013-03-31,True,2007.0,2013-02-19,6.0,0.0,4.0,3.0
The Hives_2013-03-31,True,2001.0,2012-06-05,12.0,0.0,6.0,11.0
Pearl Jam_2013-03-31,True,1991.0,2013-01-01,22.0,0.0,11.0,11.0
Wehbba_2013-03-31,True,2006.0,2010-06-28,7.0,2.0,1.0,15.0
Database_2013-03-31,True,2009.0,2011-09-19,4.0,1.0,0.0,4.0
Mix Hel_2013-03-31,True,2009.0,2012-09-16,4.0,0.0,0.0,4.0
Gui Boratto_2013-03-31,True,2005.0,2011-09-12,8.0,1.0,3.0,13.0
Rusko_2013-03-31,True,2006.0,2012-03-26,7.0,1.0,2.0,20.0
Major Lazer_2013-03-31,True,2009.0,2010-08-30,4.0,2.0,1.0,10.0
Kaskade_2013-03-31,True,2001.0,2012-05-23,12.0,0.0,13.0,46.0
Vivendo do Ócio_2013-03-31,True,2011.0,2012-01-24,2.0,1.0,2.0,1.0
Foals_2013-03-31,True,2007.0,2013-02-11,6.0,0.0,6.0,17.0
Kaiser Chiefs_2013-03-31,True,2004.0,2012-05-11,9.0,0.0,5.0,13.0
Planet Hemp_2013-03-31,True,1995.0,2000-03-22,18.0,13.0,4.0,0.0
Wannabe Jalva_2013-03-31,True,2011.0,2011-06-02,2.0,1.0,1.0,0.0
República_2013-03-31,True,1996.0,2002-05-24,17.0,10.0,3.0,0.0
Vanguart_2013-03-31,True,2009.0,2011-08-15,4.0,1.0,2.0,0.0
Hot Chip_2013-03-31,True,2004.0,2012-06-12,9.0,0.0,5.0,16.0
Ritmo Machine_2012-04-07,True,2011.0,2011-01-01,1.0,1.0,1.0,0.0
Marcelo Nova_2012-04-07,True,1991.0,2005-04-01,21.0,7.0,6.0,1.0
O Rappa_2012-04-07,True,1997.0,2008-07-29,15.0,3.0,7.0,4.0
TV On The Radio_2012-04-07,True,2004.0,2011-01-01,8.0,1.0,4.0,11.0
Foo Fighters_2012-04-07,True,1995.0,2011-04-12,17.0,0.0,6.0,1.0
Wander Wildner_2012-04-07,True,1996.0,2010-01-01,16.0,2.0,5.0,0.0
Cage The Elephant_2012-04-07,True,2008.0,2011-01-10,4.0,1.0,2.0,5.0
Band of Horses_2012-04-07,True,2006.0,2010-05-14,6.0,1.0,3.0,4.0
Joan Jett_2012-04-07,True,1980.0,2006-06-13,32.0,5.0,8.0,0.0
Balls_2012-04-07,False,,,,,0.0,0.0
Daniel Belleza e os Corações em Fúria_2012-04-07,True,2007.0,2007-11-20,5.0,4.0,1.0,0.0
Tipo Uísque_2012-04-07,True,2010.0,2012-03-27,2.0,0.0,0.0,2.0
Pavilhão 9_2012-04-07,True,1996.0,2006-06-01,16.0,5.0,5.0,1.0
Marcio Techjun_2012-04-07,False,,,,,0.0,0.0
Veiga e Salazar_2012-04-07,False,,,,,0.0,0.0
Rhythm Monkeys_2012-04-07,False,,,,,0.0,0.0
Perry & Etty Farrell vs Chris Cox_2012-04-07,True,2010.0,2012-02-07,2.0,0.0,0.0,2.0
Peaches_2012-04-07,True,2002.0,2012-01-13,10.0,0.0,5.0,6.0
Bassnectar_2012-04-07,True,2007.0,2011-08-02,5.0,0.0,6.0,7.0
The Crystal Method_2012-04-07,True,1997.0,2011-09-20,15.0,0.0,8.0,11.0
Plebe Rude_2012-04-08,True,1985.0,2012-01-01,27.0,0.0,6.0,0.0
Thievery Corporation_2012-04-08,True,1998.0,2011-06-28,14.0,0.0,8.0,7.0
Manchester Orchestra_2012-04-08,True,2007.0,2011-05-06,5.0,0.0,3.0,7.0
Foster The People_2012-04-08,True,2011.0,2011-06-27,1.0,0.0,1.0,2.0
Arctic Monkeys_2012-04-08,True,2005.0,2011-06-07,7.0,0.0,4.0,17.0
Cascadura_2012-04-08,True,2006.0,2006-01-01,6.0,6.0,1.0,0.0
Gogol Bordello_2012-04-08,True,1999.0,2010-01-01,13.0,2.0,7.0,1.0
Friendly Fires_2012-04-08,True,2008.0,2011-05-24,4.0,0.0,2.0,10.0
MGMT_2012-04-08,True,2009.0,2011-10-03,3.0,0.0,3.0,9.0
Jane’s Addiction_2012-04-08,True,1987.0,2011-01-01,25.0,1.0,7.0,1.0
Bluebell_2012-04-08,True,2007.0,2007-06-07,5.0,4.0,1.0,0.0
Suvaca_2012-04-08,False,,,,,0.0,0.0
Black Drawing Chalks_2012-04-08,True,2007.0,2012-01-01,5.0,0.0,3.0,0.0
Garage Fuzz_2012-04-08,True,2002.0,2012-01-01,10.0,0.0,3.0,2.0
Velhas Virgens_2012-04-08,True,1994.0,2011-01-10,18.0,1.0,9.0,0.0
Daniel Brandão_2012-04-08,False,,,,,0.0,0.0
King of Swingers_2012-04-08,False,,,,,0.0,0.0
Killer on the Dancefloor_2012-04-08,True,2012.0,2012-03-05,0.0,0.0,1.0,0.0
Pretty Lights_2012-04-08,True,2006.0,2010-10-22,6.0,1.0,7.0,1.0
Tinie Tempah_2012-04-08,True,2010.0,2010-05-31,2.0,1.0,1.0,10.0
Skrillex_2012-04-08,True,2010.0,2012-02-07,2.0,0.0,0.0,7.0
Racionais_2012-04-08,True,1993.0,2002-01-01,19.0,10.0,3.0,2.0
The Hu_2020-04-03,True,2018.0,2019-09-13,2.0,0.0,1.0,6.0
Idles_2020-04-03,True,2018.0,2018-08-31,2.0,1.0,2.0,8.0
Perry Farrell’s Kind Heaven Orchestra_2020-04-03,False,,,,,0.0,0.0
Cage The Elephant_2020-04-03,True,2008.0,2019-04-19,12.0,0.0,7.0,11.0
Guns N’ Roses_2020-04-03,True,1987.0,2008-01-01,33.0,12.0,6.0,2.0
89FM_2020-04-03,False,,,,,0.0,0.0
Jão_2020-04-03,True,2018.0,2019-10-10,2.0,0.0,2.0,9.0
Rex Orange County_2020-04-03,True,2016.0,2019-10-25,4.0,0.0,3.0,11.0
Rita Ora_2020-04-03,True,2012.0,2012-10-19,8.0,7.0,1.0,26.0
Lana Del Rey_2020-04-03,True,2011.0,2019-08-30,9.0,0.0,6.0,20.0
Edgar_2020-04-03,True,2018.0,2018-09-06,2.0,1.0,1.0,3.0
Masego_2020-04-03,True,2016.0,2018-09-07,4.0,1.0,2.0,10.0
Lauv_2020-04-03,True,2017.0,2020-03-06,3.0,0.0,3.0,7.0
King Princess_2020-04-03,True,2018.0,2019-10-25,2.0,0.0,1.0,10.0
James Blake_2020-04-03,True,2011.0,2019-01-18,9.0,1.0,4.0,13.0
Barja_2020-04-03,True,2015.0,2019-11-25,5.0,0.0,0.0,11.0
Beowülf_2020-04-03,True,2018.0,2018-12-31,2.0,1.0,1.0,17.0
Jetlag_2020-04-03,True,2016.0,2020-02-21,4.0,0.0,0.0,26.0
Vinne_2020-04-03,True,2015.0,2020-02-14,5.0,0.0,0.0,28.0
San Holo_2020-04-03,True,2014.0,2018-09-21,6.0,1.0,1.0,28.0
Jaden Smith_2020-04-03,True,2014.0,2019-07-05,6.0,0.0,4.0,9.0
Chris Lake_2020-04-03,True,2009.0,2010-12-06,11.0,9.0,2.0,65.0
Rezz_2020-04-03,True,2017.0,2018-08-03,3.0,1.0,2.0,18.0
Alan Walker_2020-04-03,True,2014.0,2018-12-14,6.0,1.0,1.0,27.0
Terno Rei_2020-04-04,True,2014.0,2019-03-22,6.0,1.0,3.0,9.0
Yungblud_2020-04-04,True,2018.0,2019-08-23,2.0,0.0,2.0,9.0
AJR_2020-04-04,True,2014.0,2019-04-26,6.0,0.0,3.0,23.0
Brockhampton_2020-04-04,True,2016.0,2019-08-23,4.0,0.0,6.0,17.0
Travis Scott_2020-04-04,True,2015.0,2019-12-27,5.0,0.0,4.0,13.0
Clarice Falcão_2020-04-04,True,2013.0,2019-06-13,7.0,0.0,3.0,10.0
Mika_2020-04-04,True,2006.0,2019-10-18,14.0,0.0,8.0,17.0
Silva_2020-04-04,True,2012.0,2018-05-25,8.0,1.0,6.0,17.0
The Lumineers_2020-04-04,True,2012.0,2019-09-13,8.0,0.0,3.0,17.0
Martin Garrix_2020-04-04,True,2012.0,2019-07-10,8.0,0.0,1.0,68.0
Mc Tha_2020-04-04,True,2014.0,2019-06-21,6.0,0.0,1.0,8.0
Two Feet_2020-04-04,True,2018.0,2020-03-13,2.0,0.0,3.0,9.0
Djonga_2020-04-04,True,2017.0,2020-03-16,3.0,0.0,4.0,21.0
City And Colour_2020-04-04,True,2008.0,2019-10-04,12.0,0.0,8.0,19.0
A Day To Remember_2020-04-04,True,2010.0,2013-11-29,10.0,6.0,6.0,4.0
Fractall x Rocksted_2020-04-04,False,,,,,0.0,0.0
Ashibah_2020-04-04,True,2012.0,2020-04-03,8.0,0.0,0.0,21.0
Victor Lou_2020-04-04,True,2014.0,2020-02-28,6.0,0.0,0.0,17.0
Chemical Surf_2020-04-04,True,2013.0,2013-12-09,7.0,6.0,1.0,37.0
Boombox Cartel_2020-04-04,True,2015.0,2020-03-20,5.0,0.0,0.0,22.0
Denzel Curry_2020-04-04,True,2015.0,2020-02-07,5.0,0.0,5.0,17.0
Madeon_2020-04-04,True,2012.0,2019-11-15,8.0,0.0,2.0,13.0
Emicida_2020-04-04,True,2009.0,2020-03-13,11.0,0.0,8.0,34.0
Wc No Beat feat Ludmilla feat Kevin O Chris feat Haikaiss feat Filipe Ret feat Pk feat Felp 22_2020-04-04,True,2009.0,2019-08-09,11.0,0.0,13.0,153.0
509-E_2020-04-05,True,2000.0,2002-10-01,20.0,17.0,3.0,0.0
Rashid_2020-04-05,True,2010.0,2020-01-22,10.0,0.0,7.0,29.0
LP_2020-04-05,True,2017.0,2018-12-07,3.0,1.0,2.0,22.0
Vampire Weekend_2020-04-05,True,2007.0,2019-05-03,13.0,0.0,4.0,15.0
The Strokes_2020-04-05,True,2001.0,2013-03-22,19.0,7.0,5.0,16.0
Fresno_2020-04-05,True,2003.0,2019-07-05,17.0,0.0,9.0,13.0
Kali Uchis_2020-04-05,True,2015.0,2018-04-06,5.0,2.0,2.0,13.0
Charli XCX_2020-04-05,True,2011.0,2019-09-13,9.0,0.0,5.0,45.0
Gwen Stefani_2020-04-05,True,2004.0,2017-10-06,16.0,2.0,4.0,11.0
Menores Atos_2020-04-05,True,2017.0,2018-06-08,3.0,1.0,2.0,8.0
Wallows_2020-04-05,True,2017.0,2019-03-22,3.0,1.0,1.0,11.0
Pabllo Vittar_2020-04-05,True,2017.0,2020-03-24,3.0,0.0,3.0,21.0
Kacey Musgraves_2020-04-05,True,2013.0,2019-11-29,7.0,0.0,5.0,7.0
Hayley Kiyoko_2020-04-05,True,2013.0,2018-03-30,7.0,2.0,1.0,11.0
Fatnotronic_2020-04-05,True,2017.0,2017-10-13,3.0,2.0,0.0,1.0
Malifoo_2020-04-05,True,2017.0,2020-03-27,3.0,0.0,0.0,13.0
Fancy Inc_2020-04-05,True,2014.0,2020-02-07,6.0,0.0,0.0,30.0
Evokings_2020-04-05,True,2017.0,2020-03-06,3.0,0.0,0.0,21.0
Cat Dealers_2020-04-05,True,2016.0,2020-02-13,4.0,0.0,0.0,20.0
Goldfish_2020-04-05,True,2009.0,2018-05-18,11.0,1.0,7.0,35.0
R3hab_2020-04-05,True,2009.0,2018-08-25,11.0,1.0,2.0,102.0
Illenium_2020-04-05,True,2014.0,2019-08-16,6.0,0.0,3.0,31.0
Armin Van Buuren_2020-04-05,True,1997.0,2020-03-26,23.0,0.0,27.0,168.0
BRVNKS_2019-04-05,True,2016.0,2019-03-29,3.0,0.0,0.0,4.0
Scalene_2019-04-05,True,2013.0,2018-04-20,6.0,0.0,4.0,8.0
Foals_2019-04-05,True,2007.0,2019-03-08,12.0,0.0,8.0,28.0
Tribalistas_2019-04-05,True,2017.0,2017-08-25,2.0,1.0,1.0,2.0
Arctic Monkeys_2019-04-05,True,2005.0,2018-05-11,14.0,0.0,6.0,23.0
89FM_2019-04-05,False,,,,,0.0,0.0
Autoramas_2019-04-05,True,2000.0,2018-07-20,19.0,0.0,15.0,15.0
Portugal. The Man_2019-04-05,True,2006.0,2017-06-16,13.0,1.0,9.0,17.0
The 1975_2019-04-05,True,2012.0,2018-11-30,7.0,0.0,4.0,20.0
Sam Smith_2019-04-05,True,2013.0,2014-01-01,6.0,5.0,1.0,16.0
Molho Negro_2019-04-05,True,2012.0,2018-11-02,7.0,0.0,4.0,4.0
The Fever 333_2019-04-05,True,2018.0,2019-01-18,1.0,0.0,2.0,1.0
Troye Sivan_2019-04-05,True,2012.0,2018-08-31,7.0,0.0,2.0,12.0
St. Vincent_2019-04-05,True,2007.0,2018-10-12,12.0,0.0,7.0,10.0
Macklemore_2019-04-05,True,2005.0,2017-09-22,14.0,1.0,2.0,6.0
Maz_2019-04-05,True,2016.0,2019-04-01,3.0,0.0,0.0,5.0
Elekfantz_2019-04-05,True,2014.0,2014-06-02,5.0,4.0,1.0,4.0
Dashdot_2019-04-05,True,2012.0,2015-12-01,7.0,3.0,1.0,31.0
Bruno Be_2019-04-05,True,2008.0,2019-02-06,11.0,0.0,0.0,17.0
Loud Luxury_2019-04-05,True,2014.0,2019-03-29,5.0,0.0,0.0,9.0
Fisher_2019-04-05,True,2017.0,2018-11-30,2.0,0.0,0.0,4.0
Zhu_2019-04-05,True,2014.0,2018-09-07,5.0,0.0,4.0,24.0
KSHMR _2019-04-05,False,,,,,0.0,0.0
Tiësto_2019-04-05,True,1997.0,2017-11-10,22.0,1.0,49.0,107.0
Carne Doce_2019-04-06,True,2017.0,2018-07-17,2.0,0.0,3.0,4.0
Rashid_2019-04-06,True,2010.0,2018-01-19,9.0,1.0,6.0,23.0
Snow Patrol_2019-04-06,True,1999.0,2011-01-01,20.0,8.0,10.0,22.0
Lenny Kravitz_2019-04-06,True,1989.0,2018-09-07,30.0,0.0,12.0,27.0
Kings of Leon_2019-04-06,True,2003.0,2016-10-14,16.0,2.0,5.0,9.0
Catavento_2019-04-06,True,2016.0,2018-08-03,3.0,0.0,3.0,4.0
Liniker e os Caramelows_2019-04-06,True,2016.0,2019-03-22,3.0,0.0,2.0,8.0
Silva_2019-04-06,True,2012.0,2018-05-25,7.0,0.0,6.0,15.0
Bring Me The Horizon_2019-04-06,True,2006.0,2019-01-25,13.0,0.0,9.0,13.0
Post Malone_2019-04-06,True,2016.0,2018-04-27,3.0,0.0,2.0,2.0
Duda Beat_2019-04-06,True,2019.0,2018-04-27,0.0,0.0,1.0,2.0
Lany_2019-04-06,True,2015.0,2018-10-05,4.0,0.0,2.0,12.0
Jain_2019-04-06,True,2016.0,2019-01-09,3.0,0.0,2.0,8.0
Jorja Smith_2019-04-06,True,2016.0,2019-03-01,3.0,0.0,0.0,12.0
Odesza_2019-04-06,True,2013.0,2017-09-08,6.0,1.0,4.0,9.0
Illusionize_2019-04-06,True,2014.0,2019-02-15,5.0,0.0,3.0,24.0
Liu_2019-04-06,True,2015.0,2019-03-22,4.0,0.0,0.0,17.0
Dubdogz feat Vitor Kley_2019-04-06,True,2016.0,2019-01-30,3.0,0.0,2.0,22.0
Chemical Surf_2019-04-06,True,2013.0,2013-12-09,6.0,5.0,1.0,28.0
Gryffin_2019-04-06,True,2015.0,2019-03-27,4.0,0.0,0.0,10.0
Valentino Khan_2019-04-06,True,2014.0,2019-01-16,5.0,0.0,0.0,10.0
Vintage Culture_2019-04-06,True,2013.0,2019-04-05,6.0,0.0,0.0,35.0
Kungs_2019-04-06,True,2015.0,2016-11-04,4.0,2.0,1.0,5.0
Steve Aoki_2019-04-06,True,2008.0,2018-11-09,11.0,0.0,10.0,90.0
Aláfia_2019-04-07,True,2013.0,2017-02-10,6.0,2.0,3.0,4.0
BK'_2019-04-07,True,2016.0,2018-10-13,3.0,0.0,2.0,8.0
The Struts_2019-04-07,True,2014.0,2018-10-26,5.0,0.0,2.0,5.0
Greta Van Fleet_2019-04-07,True,2018.0,2018-10-19,1.0,0.0,2.0,1.0
Kendrick Lamar_2019-04-07,True,2010.0,2018-02-09,9.0,1.0,7.0,14.0
E a Terra Nunca Me Pareceu Tão Distante_2019-04-07,True,2014.0,2018-09-14,5.0,0.0,1.0,5.0
The Inspector Cluzo_2019-04-07,True,2008.0,2018-05-04,11.0,0.0,6.0,1.0
"Gabriel,O Pensador_2019-04-07",True,1993.0,2012-12-05,26.0,6.0,7.0,13.0
Interpol_2019-04-07,True,2002.0,2018-08-24,17.0,0.0,6.0,21.0
Twenty One Pilots_2019-04-07,True,2012.0,2018-10-05,7.0,0.0,4.0,15.0
Luiza Lian_2019-04-07,True,2018.0,2018-09-27,1.0,0.0,3.0,1.0
Letrux_2019-04-07,True,2019.0,2017-07-10,0.0,1.0,1.0,1.0
Iza_2019-04-07,True,2018.0,2018-04-27,1.0,0.0,1.0,12.0
Rufus Du Sol_2019-04-07,True,2011.0,2018-10-19,8.0,0.0,4.0,17.0
Years & Years_2019-04-07,True,2015.0,2019-01-25,4.0,0.0,0.0,11.0
Pontifexx_2019-04-07,True,2015.0,2019-02-22,4.0,0.0,0.0,14.0
KVSH_2019-04-07,True,2015.0,2019-04-05,4.0,0.0,0.0,22.0
Groove Delight_2019-04-07,True,2010.0,2019-03-29,9.0,0.0,0.0,41.0
GTA_2019-04-07,False,,,,,0.0,0.0
Bhaskar_2019-04-07,True,2016.0,2019-04-05,3.0,0.0,0.0,25.0
Don Diablo_2019-04-07,True,2002.0,2018-02-09,17.0,1.0,7.0,88.0
RL Grime_2019-04-07,True,2013.0,2018-07-27,6.0,0.0,2.0,13.0
Dimitri Vegas and Like Mike_2019-04-07,True,2007.0,2017-03-21,12.0,2.0,5.0,106.0
Nem Liminha Ouviu_2018-03-23,True,2014.0,2014-05-13,4.0,3.0,1.0,0.0
Selvagens à Procura de Lei_2018-03-23,True,2011.0,2016-01-01,7.0,2.0,3.0,5.0
Rincon Sapiência_2018-03-23,True,2014.0,2017-05-25,4.0,0.0,2.0,11.0
Spoon_2018-03-23,True,1997.0,2017-10-20,21.0,0.0,12.0,14.0
Chance the Rapper_2018-03-23,True,2012.0,2016-05-27,6.0,1.0,3.0,1.0
Red Hot Chili Peppers_2018-03-23,True,1984.0,2016-06-17,34.0,1.0,11.0,15.0
Luneta Mágica_2018-03-23,True,2017.0,2015-03-16,1.0,3.0,2.0,1.0
Vanguart_2018-03-23,True,2009.0,2017-04-28,9.0,0.0,4.0,3.0
Volbeat_2018-03-23,True,2005.0,2016-06-03,13.0,1.0,6.0,4.0
Royal Blood_2018-03-23,True,2014.0,2017-06-16,4.0,0.0,2.0,9.0
LCD SoundSystem_2018-03-23,True,2005.0,2017-10-06,13.0,0.0,7.0,14.0
Plutão já foi planeta_2018-03-23,True,2014.0,2017-03-24,4.0,0.0,2.0,10.0
Mallu Magalhães_2018-03-23,True,2008.0,2017-06-09,10.0,0.0,5.0,3.0
Oh Wonder_2018-03-23,True,2015.0,2017-07-14,3.0,0.0,2.0,13.0
Zara Larsson_2018-03-23,True,2013.0,2017-03-17,5.0,1.0,2.0,10.0
Mac DeMarco_2018-03-23,True,2012.0,2017-05-05,6.0,0.0,8.0,7.0
Sevenn_2018-03-23,True,2016.0,2018-02-23,2.0,0.0,0.0,12.0
Kyle Watson_2018-03-23,True,2010.0,2018-01-26,8.0,0.0,0.0,33.0
FTampa_2018-03-23,True,2011.0,2018-01-19,7.0,0.0,0.0,37.0
Shiba San_2018-03-23,True,2013.0,2017-10-20,5.0,0.0,0.0,12.0
What So Not_2018-03-23,True,2011.0,2018-03-09,7.0,0.0,2.0,22.0
Alison Wonderland_2018-03-23,True,2015.0,2015-03-20,3.0,3.0,1.0,6.0
DVBBS_2018-03-23,True,2014.0,2017-10-20,4.0,0.0,2.0,41.0
Galantis_2018-03-23,True,2012.0,2017-09-15,6.0,0.0,2.0,16.0
Alok_2018-03-23,True,2012.0,2018-02-05,6.0,0.0,0.0,35.0
Tagore_2018-03-24,True,2016.0,2016-10-21,2.0,1.0,2.0,2.0
Ego Kill Talent_2018-03-24,True,2017.0,2017-12-10,1.0,0.0,1.0,4.0
Anderson Paak_2018-03-24,True,2015.0,2016-10-21,3.0,1.0,3.0,11.0
The National_2018-03-24,True,2004.0,2017-09-08,14.0,0.0,8.0,14.0
Pearl Jam_2018-03-24,True,1991.0,2013-01-01,27.0,5.0,11.0,12.0
Ventre_2018-03-24,True,2015.0,2015-10-20,3.0,2.0,1.0,0.0
Liniker e os Caramelows_2018-03-24,True,2016.0,2016-09-16,2.0,1.0,1.0,6.0
Kaleo_2018-03-24,True,2014.0,2016-06-10,4.0,1.0,2.0,6.0
David Byrne_2018-03-24,True,1981.0,2018-03-09,37.0,0.0,15.0,5.0
Imagine Dragons_2018-03-24,True,2012.0,2017-06-23,6.0,0.0,3.0,13.0
Jesuton_2018-03-24,True,2012.0,2017-03-31,6.0,0.0,4.0,7.0
Tash Sultana_2018-03-24,True,2016.0,2017-03-01,2.0,1.0,1.0,4.0
O Terno_2018-03-24,True,2013.0,2016-08-26,5.0,1.0,3.0,4.0
Mano Brown_2018-03-24,True,2016.0,2016-12-09,2.0,1.0,1.0,3.0
Kygo_2018-03-24,True,2013.0,2017-11-03,5.0,0.0,2.0,17.0
Devochka_2018-03-24,True,2014.0,2017-11-20,4.0,0.0,0.0,12.0
Gustavo Mota_2018-03-24,True,2012.0,2018-03-07,6.0,0.0,0.0,17.0
Whethan_2018-03-24,True,2016.0,2018-03-15,2.0,0.0,0.0,8.0
Louis the Child_2018-03-24,True,2014.0,2018-03-08,4.0,0.0,0.0,10.0
Mac Miller_2018-03-24,True,2010.0,2016-09-16,8.0,1.0,5.0,15.0
Nghtmre_2018-03-24,True,2014.0,2016-09-07,4.0,1.0,1.0,22.0
Deorro_2018-03-24,True,2014.0,2017-03-31,4.0,0.0,2.0,42.0
Yellow Claw_2018-03-24,True,2012.0,2017-04-07,6.0,0.0,3.0,32.0
DJ Snake_2018-03-24,True,2011.0,2016-08-05,7.0,1.0,1.0,12.0
Braza_2018-03-25,True,2017.0,2017-06-02,1.0,0.0,2.0,1.0
Milky Chance_2018-03-25,True,2014.0,2017-03-17,4.0,1.0,2.0,6.0
The Neighbourhood_2018-03-25,True,2013.0,2015-10-30,5.0,2.0,3.0,5.0
Liam Gallagher_2018-03-25,True,2017.0,2017-10-25,1.0,0.0,0.0,6.0
The Killers_2018-03-25,True,2004.0,2017-09-22,14.0,0.0,6.0,9.0
"Francisco, el hombre_2018-03-25",True,2016.0,2016-09-16,2.0,1.0,1.0,4.0
Sofi Tukker_2018-03-25,True,2015.0,2018-03-23,3.0,0.0,0.0,11.0
Metronomy_2018-03-25,True,2007.0,2016-07-01,11.0,1.0,7.0,12.0
Khalid_2018-03-25,True,2016.0,2017-04-27,2.0,0.0,1.0,12.0
Lana Del Rey_2018-03-25,True,2011.0,2017-07-21,7.0,0.0,5.0,18.0
Mahmundi_2018-03-25,True,2014.0,2017-05-26,4.0,0.0,2.0,4.0
Tiê_2018-03-25,True,2011.0,2017-10-27,7.0,0.0,5.0,11.0
Tropkillaz_2018-03-25,True,2014.0,2018-03-09,4.0,0.0,0.0,18.0
Aurora_2018-03-25,True,2014.0,2016-04-22,4.0,1.0,1.0,9.0
Wiz Khalifa_2018-03-25,True,2007.0,2017-11-07,11.0,0.0,21.0,36.0
Jørd_2018-03-25,True,2016.0,2018-03-02,2.0,0.0,0.0,10.0
Jetlag_2018-03-25,True,2016.0,2018-02-16,2.0,0.0,0.0,7.0
Cat Dealers_2018-03-25,True,2016.0,2018-02-09,2.0,0.0,0.0,7.0
Thomas Jack_2018-03-25,True,2015.0,2017-07-21,3.0,0.0,0.0,4.0
Cheat Codes_2018-03-25,True,2015.0,2018-03-23,3.0,0.0,0.0,22.0
Alan Walker_2018-03-25,True,2014.0,2018-03-23,4.0,0.0,0.0,12.0
Dillon Francis_2018-03-25,True,2011.0,2016-09-07,7.0,1.0,4.0,27.0
Hardwell_2018-03-25,True,2008.0,2017-10-13,10.0,0.0,17.0,90.0
